Id,Label,timeset,class,indegree,outdegree,Degree,Eccentricity,closnesscentrality,harmonicclosnesscentrality,betweenesscentrality
Hammurabi,Hammurabi,,0,6,11,17,4,0.36357,0.382461,81.607864
Ancient_Egypt,Ancient Egypt,,1,120,39,159,5,0.410235,0.441264,9714.270131
Agriculture,Agriculture,,6,93,36,129,5,0.400968,0.432076,6617.859434
Israel,Israel,,2,46,39,85,5,0.396648,0.428102,1976.787018
Alexander_the_Great,Alexander the Great,,0,49,30,79,5,0.389193,0.417203,2481.436365
Sumer,Sumer,,1,63,38,101,5,0.416946,0.447468,6020.307013
Iran,Iran,,2,76,61,137,5,0.432174,0.468763,7157.416097
Mesopotamia,Mesopotamia,,1,115,47,162,4,0.433493,0.465124,10476.22884
Abraham,Abraham,,0,12,14,26,5,0.347431,0.367656,132.742894
Achaemenid_Empire,Achaemenid Empire,,1,45,29,74,5,0.394132,0.42173,1016.36954
Hatshepsut,Hatshepsut,,0,3,3,6,5,0.297516,0.309926,83.44163
Middle_East,Middle East,,2,82,60,142,5,0.428633,0.465325,5993.629181
Phoenicia,Phoenicia,,1,33,20,53,5,0.368558,0.391918,572.889619
Calendar,Calendar,,9,12,18,30,5,0.368012,0.390828,618.835054
Culture,Culture,,6,58,52,110,4,0.435583,0.468478,5975.629932
Ramesses_II,Ramesses II,,0,4,6,10,5,0.326223,0.34227,16.171389
Bible,Bible,,4,60,26,86,5,0.372983,0.399262,1877.459525
Byzantine_Empire,Byzantine Empire,,1,82,26,108,5,0.396332,0.423491,3187.425775
Cyrus_the_Great,Cyrus the Great,,0,12,26,38,5,0.387524,0.414269,436.488001
Moses,Moses,,0,27,29,56,5,0.373825,0.400973,1108.771132
Paris,Paris,,2,43,38,81,4,0.40588,0.436368,2897.939501
New_York_City,New York City,,2,46,25,71,4,0.38334,0.409121,2619.295118
Nile,Nile,,2,42,26,68,5,0.379534,0.406388,1943.841615
Garden,Garden,,9,6,7,13,6,0.325795,0.342555,159.364053
Italy,Italy,,2,60,81,141,5,0.440603,0.482847,7854.487245
Egypt,Egypt,,2,94,56,150,4,0.422081,0.45783,8805.887699
Cairo,Cairo,,2,27,33,60,5,0.394601,0.423692,1473.878061
Jerusalem,Jerusalem,,2,33,36,69,5,0.388433,0.418997,1196.493966
Sun,Sun,,8,62,56,118,5,0.419586,0.455852,4530.71721
Mediterranean_Sea,Mediterranean Sea,,2,57,37,94,5,0.40721,0.437743,2854.256302
Ancient_Greece,Ancient Greece,,1,174,42,216,4,0.420474,0.45171,14323.03583
Renaissance,Renaissance,,1,129,58,187,4,0.436348,0.471076,15397.842101
Germany,Germany,,2,80,48,128,4,0.402429,0.436284,4948.799223
Politics,Politics,,6,31,64,95,4,0.437693,0.474262,3838.874943
Islam,Islam,,4,134,41,175,5,0.407711,0.439956,11610.756529
Epic_poetry,Epic poetry,,3,25,7,32,5,0.325795,0.339738,206.411778
History_of_India,History of India,,1,22,47,69,5,0.401941,0.436268,1636.766421
Canal,Canal,,9,10,22,32,5,0.38647,0.411167,283.011643
Human_rights,Human rights,,6,38,31,69,4,0.410066,0.438213,1635.298726
Age_of_Enlightenment,Age of Enlightenment,,1,101,48,149,4,0.427895,0.460429,10608.512851
Herodotus,Herodotus,,0,39,9,48,5,0.353737,0.371881,457.817241
Suicide,Suicide,,8,10,21,31,4,0.388737,0.413229,559.81501
Judaism,Judaism,,4,74,32,106,5,0.390263,0.418997,3238.053615
Islamic_Golden_Age,Islamic Golden Age,,1,54,45,99,4,0.422799,0.454645,4657.504952
Plato,Plato,,0,95,43,138,4,0.411765,0.444416,7185.838392
Quran,Quran,,4,43,26,69,5,0.37467,0.400604,1512.665144
Bronze,Bronze,,8,37,30,67,5,0.396016,0.424698,2151.43311
Euclid,Euclid,,0,35,11,46,5,0.344302,0.363581,975.743284
Mecca,Mecca,,2,34,19,53,5,0.364905,0.387307,909.880245
Napoleon,Napoleon,,0,36,29,65,4,0.387676,0.415661,2608.254047
Silk_Road,Silk Road,,1,47,56,103,4,0.414512,0.451207,3102.467635
Mental_health,Mental health,,7,19,22,41,4,0.39011,0.415661,1421.857297
Augustus,Augustus,,0,28,14,42,5,0.3564,0.376408,792.359003
Homer,Homer,,0,46,16,62,5,0.360406,0.38174,920.843776
Archimedes,Archimedes,,0,40,36,76,5,0.40113,0.432076,3431.849025
Imperialism,Imperialism,,6,31,38,69,4,0.402592,0.432931,1492.089389
Hippocrates,Hippocrates,,0,27,14,41,5,0.366384,0.387223,1056.185714
Slavery,Slavery,,6,44,41,85,5,0.400968,0.433551,3063.751987
Turkey,Turkey,,2,59,62,121,5,0.429559,0.466918,5779.167521
Pakistan,Pakistan,,2,68,46,114,5,0.425878,0.458367,4230.976872
Gautama_Buddha,Gautama Buddha,,0,30,16,46,5,0.348161,0.36841,744.02697
Greek_mythology,Greek mythology,,4,41,26,67,5,0.371867,0.396747,2856.211244
Sunni_Islam,Sunni Islam,,4,24,22,46,5,0.378955,0.403706,462.16309
India,India,,2,158,54,212,4,0.420296,0.455734,13939.23991
Malaria,Malaria,,7,42,30,72,5,0.396965,0.425,2486.312728
Socrates,Socrates,,0,35,14,49,5,0.360799,0.381824,356.264298
Middle_Ages,Middle Ages,,1,156,39,195,5,0.398716,0.429728,8858.835471
Julius_Caesar,Julius Caesar,,0,33,10,43,5,0.335245,0.352096,447.427212
China,China,,2,144,57,201,5,0.417998,0.455013,12613.426594
Greek_language,Greek language,,6,122,25,147,4,0.399839,0.426224,8532.483535
Greek_alphabet,Greek alphabet,,6,20,12,32,5,0.36774,0.38828,1521.264477
Mahayana,Mahayana,,4,16,24,40,5,0.375236,0.400017,382.512975
Architecture,Architecture,,3,29,38,67,4,0.410914,0.441231,2331.025217
Aristotle,Aristotle,,0,154,61,215,4,0.439823,0.47552,18600.325633
Ashoka,Ashoka,,0,16,5,21,5,0.320129,0.334608,58.041649
Bangladesh,Bangladesh,,2,35,48,83,5,0.414858,0.449145,3261.310739
Theravada,Theravada,,4,11,11,22,5,0.351485,0.369584,65.330158
Jainism,Jainism,,4,49,9,58,5,0.339713,0.356506,958.82405
Chinese_language,Chinese language,,6,44,28,72,4,0.389346,0.416247,1993.605767
Buddhism,Buddhism,,4,122,42,164,4,0.404723,0.436704,8781.810394
Qin_Shi_Huang,Qin Shi Huang,,0,17,8,25,5,0.326866,0.34279,156.60493
Han_dynasty,Han dynasty,,1,45,24,69,5,0.380406,0.406556,2908.121188
Japan,Japan,,2,84,28,112,4,0.390723,0.417924,4702.494572
Dictatorship,Dictatorship,,6,9,18,27,4,0.376658,0.400319,262.884863
United_Kingdom,United Kingdom,,2,98,65,163,4,0.440018,0.476693,11418.135368
Social_class,Social class,,6,23,25,48,4,0.388585,0.414403,1309.166978
Great_Wall_of_China,Great Wall of China,,3,14,8,22,5,0.334005,0.350369,130.166138
Mao_Zedong,Mao Zedong,,0,26,19,45,5,0.356017,0.378806,759.021406
Argentina,Argentina,,2,44,40,84,4,0.420118,0.450872,3918.634087
Confucianism,Confucianism,,4,43,32,75,5,0.38557,0.414353,1881.101553
Cicero,Cicero,,0,40,14,54,5,0.350617,0.370288,630.013142
Military,Military,,6,25,28,53,4,0.390723,0.417337,1713.488494
German_language,German language,,6,73,22,95,4,0.380843,0.405181,2533.579122
Virgil,Virgil,,0,18,10,28,5,0.342287,0.360815,313.541552
Ancient_Rome,Ancient Rome,,1,109,43,152,4,0.4,0.432763,7574.768329
Suleiman_the_Magnificent,Suleiman the Magnificent,,0,12,11,23,5,0.347067,0.365711,139.921241
Latin,Latin,,6,189,27,216,4,0.389193,0.415241,9549.876454
Rome,Rome,,2,46,35,81,4,0.39011,0.42002,1958.426506
France,France,,2,86,69,155,4,0.446541,0.483484,9255.09788
Mining,Mining,,6,26,38,64,4,0.413994,0.444752,1555.157424
Liberty,Liberty,,6,14,16,30,5,0.372006,0.394349,359.577291
Christianity,Christianity,,4,126,54,180,5,0.422439,0.45778,9456.563984
Alps,Alps,,2,23,19,42,5,0.375803,0.399011,498.856081
Gold,Gold,,8,47,66,113,4,0.451408,0.486586,7326.557886
Charlemagne,Charlemagne,,0,27,19,46,5,0.366249,0.388783,693.771154
Russian_language,Russian language,,6,35,29,64,4,0.388889,0.416499,2036.170532
Reformation,Reformation,,1,14,12,26,5,0.353234,0.373055,126.020914
Marriage,Marriage,,5,18,69,87,4,0.438852,0.47728,2347.772164
European_Union,European Union,,6,88,40,128,5,0.412106,0.443276,6882.541144
Thomas_Aquinas,Thomas Aquinas,,0,34,16,50,5,0.370205,0.392471,669.845502
Dante_Alighieri,Dante Alighieri,,0,20,10,30,5,0.332108,0.349497,186.636197
French_language,French language,,6,84,19,103,5,0.365845,0.388783,2613.146674
Clock,Clock,,9,6,18,24,5,0.372983,0.396194,501.868995
Paul_the_Apostle,Paul the Apostle,,0,15,6,21,5,0.30379,0.319131,109.633447
Holy_Roman_Empire,Holy Roman Empire,,1,43,13,56,5,0.34731,0.367404,523.56324
French_Revolution,French Revolution,,1,67,20,87,4,0.378234,0.401995,2489.267803
Eastern_Orthodox_Church,Eastern Orthodox Church,,4,44,21,65,5,0.364771,0.389202,1131.369959
Arabic,Arabic,,6,59,23,82,5,0.366114,0.390577,2365.165338
Crusades,Crusades,,1,30,7,37,5,0.326974,0.344534,189.727503
Catholic_Church,Catholic Church,,4,80,46,126,5,0.403245,0.437156,5619.086892
Genghis_Khan,Genghis Khan,,0,18,20,38,5,0.384675,0.408853,443.19329
Beijing,Beijing,,2,33,27,60,5,0.383192,0.409742,1362.566687
Famine,Famine,,6,13,52,65,4,0.422439,0.457495,1462.08024
Mongol_Empire,Mongol Empire,,1,28,22,50,5,0.388737,0.413934,862.323124
Sea,Sea,,2,9,71,80,5,0.435965,0.475805,1414.042996
Black_Death,Black Death,,1,35,26,61,5,0.38557,0.412458,1536.894193
Shamanism,Shamanism,,4,20,10,30,5,0.358974,0.377129,371.181941
Europe,Europe,,2,127,111,238,4,0.468426,0.514755,20033.126051
Transport,Transport,,9,16,49,65,4,0.432927,0.465376,2296.469754
Genocide,Genocide,,6,27,19,46,4,0.379534,0.402666,395.883218
Taoism,Taoism,,4,39,18,57,5,0.36571,0.387944,872.117161
Caspian_Sea,Caspian Sea,,2,24,18,42,5,0.373544,0.396663,713.081429
Marco_Polo,Marco Polo,,0,23,20,43,5,0.376801,0.401526,638.139032
Mansa_Musa,Mansa Musa,,0,1,6,7,5,0.32399,0.340292,5.454775
Atlantic_Ocean,Atlantic Ocean,,2,47,23,70,5,0.38587,0.411201,1536.592016
Ibn_Khaldun,Ibn Khaldun,,0,14,21,35,5,0.386319,0.410999,515.439456
Joan_of_Arc,Joan of Arc,,0,4,5,9,5,0.317775,0.333753,8.491806
Henry_VIII,Henry VIII,,0,6,2,8,5,0.286621,0.298374,4.349186
Ottoman_Empire,Ottoman Empire,,1,102,36,138,4,0.390723,0.42111,4697.609078
Elizabeth_I,Elizabeth I,,0,6,11,17,5,0.344899,0.363967,136.851579
Martin_Luther,Martin Luther,,0,30,16,46,4,0.357554,0.378437,1320.825622
Indonesia,Indonesia,,2,78,40,118,4,0.402592,0.43444,4240.858517
Mughal_Empire,Mughal Empire,,1,36,18,54,5,0.381427,0.405751,1440.48152
Istanbul,Istanbul,,2,28,30,58,4,0.389498,0.417421,1006.127711
Spain,Spain,,2,64,47,111,5,0.406544,0.44051,2674.131526
William_Shakespeare,William Shakespeare,,0,29,8,37,4,0.334567,0.350101,418.606894
Indian_Ocean,Indian Ocean,,2,51,30,81,5,0.394444,0.422904,2370.116961
Akbar,Akbar,,0,6,18,24,5,0.352732,0.373474,154.972335
Muhammad,Muhammad,,0,46,18,64,5,0.364236,0.386888,754.052279
Spirituality,Spirituality,,4,34,29,63,5,0.410744,0.438078,1981.643151
Delhi,Delhi,,2,17,17,34,5,0.3461,0.366063,429.916537
Hinduism,Hinduism,,4,105,33,138,5,0.390416,0.419467,5810.595728
Shia_Islam,Shia Islam,,4,19,23,42,5,0.375378,0.40114,338.867769
Ganges,Ganges,,2,16,14,30,5,0.353485,0.373055,590.662631
Folklore,Folklore,,6,22,5,27,5,0.338902,0.352901,147.34446
English_literature,English literature,,3,4,39,43,4,0.399839,0.430584,229.891386
Spanish_Empire,Spanish Empire,,1,50,23,73,5,0.390723,0.416231,2126.025938
Netherlands,Netherlands,,2,61,74,135,4,0.449367,0.487676,9927.997464
Smallpox,Smallpox,,7,42,30,72,5,0.379824,0.408132,3062.237921
Caribbean,Caribbean,,2,30,38,68,5,0.408717,0.439923,1495.971601
Catherine_the_Great,Catherine the Great,,0,9,11,20,5,0.346341,0.365225,119.805583
English_language,English language,,6,70,24,94,4,0.373403,0.398223,2490.025311
Capitalism,Capitalism,,6,53,28,81,5,0.385421,0.413045,1847.200685
John_Locke,John Locke,,0,47,26,73,4,0.380843,0.406858,2780.167224
Socialism,Socialism,,6,29,43,72,4,0.411935,0.443913,1887.032899
Immanuel_Kant,Immanuel Kant,,0,56,42,98,4,0.424968,0.455399,4510.033421
Mary_Wollstonecraft,Mary Wollstonecraft,,0,7,5,12,5,0.328269,0.342203,24.071171
Democracy,Democracy,,6,40,51,91,4,0.421902,0.455986,2855.86388
Ren%C3%A9_Descartes,René Descartes,,0,60,36,96,4,0.404558,0.434608,4857.290895
Science,Science,,8,81,106,187,4,0.479036,0.521127,17920.95253
Adam_Smith,Adam Smith,,0,34,11,45,5,0.355508,0.374363,644.332584
Leonhard_Euler,Leonhard Euler,,0,30,27,57,5,0.367061,0.394148,1689.597982
Scientific_method,Scientific method,,8,46,44,90,4,0.425332,0.45716,4028.247133
Antoine_Lavoisier,Antoine Lavoisier,,0,20,18,38,5,0.377803,0.402599,555.828906
Carl_Friedrich_Gauss,Carl Friedrich Gauss,,0,21,18,39,5,0.356528,0.378806,746.765695
Reason,Reason,,4,37,48,85,4,0.434631,0.466214,3714.282404
Nationalism,Nationalism,,6,40,60,100,4,0.421008,0.458501,3764.669789
Isaac_Newton,Isaac Newton,,0,78,33,111,4,0.393041,0.423038,5086.545036
Voltaire,Voltaire,,0,39,25,64,5,0.368012,0.393813,1623.991022
George_Washington,George Washington,,0,14,10,24,5,0.332441,0.350905,288.637457
Great_Lakes,Great Lakes,,2,14,12,26,5,0.355,0.37557,457.020639
Thomas_Edison,Thomas Edison,,0,8,10,18,5,0.354494,0.372938,519.18762
Animal_husbandry,Animal husbandry,,9,16,26,42,5,0.373403,0.400218,889.880218
American_Revolution,American Revolution,,1,32,5,37,5,0.316661,0.330667,180.326127
Jesus,Jesus,,0,41,22,63,5,0.373403,0.397418,1369.946368
Abraham_Lincoln,Abraham Lincoln,,0,15,11,26,5,0.340761,0.358937,315.462019
Adolf_Hitler,Adolf Hitler,,0,37,18,55,5,0.355381,0.378052,829.961788
British_Empire,British Empire,,1,74,45,119,5,0.403245,0.436737,3711.232109
Romanticism,Romanticism,,3,40,27,67,4,0.387072,0.413397,2296.20169
London,London,,2,51,31,82,4,0.394444,0.422451,4232.722785
Poland,Poland,,2,38,62,100,4,0.427711,0.465208,5046.245372
Sim%C3%B3n_Bol%C3%ADvar,Simón Bolívar,,0,5,19,24,4,0.370757,0.394199,82.864362
Russia,Russia,,2,85,61,146,4,0.441385,0.47661,9704.679699
Card_game,Card game,,5,5,13,18,4,0.368968,0.389923,254.792047
Tuberculosis,Tuberculosis,,7,36,21,57,4,0.384526,0.408702,3089.954496
Theatre,Theatre,,3,12,33,45,4,0.398397,0.426727,1490.184075
Mass_media,Mass media,,6,18,26,44,4,0.380843,0.406439,4017.638614
Moscow,Moscow,,2,14,30,44,4,0.3976,0.425469,645.366854
Welfare,Welfare,,6,7,10,17,5,0.354115,0.372686,134.441214
Secularism,Secularism,,4,20,16,36,5,0.380115,0.402951,350.244999
United_States,United States,,2,135,67,202,5,0.426061,0.465493,18239.512769
Karl_Marx,Karl Marx,,0,51,17,68,4,0.381427,0.404259,1406.905202
Colombia,Colombia,,2,42,44,86,5,0.412106,0.444987,3636.030141
Mexico_City,Mexico City,,2,15,23,38,4,0.38587,0.410798,786.981401
Liberalism,Liberalism,,6,31,45,76,4,0.393508,0.426392,1955.336792
Women%27s_suffrage,Women's suffrage,,6,9,25,34,5,0.39057,0.4167,175.964831
Great_Depression,Great Depression,,1,48,9,57,5,0.357169,0.376073,726.848307
Film,Film,,3,20,23,43,4,0.381281,0.4056,1745.528295
Protestantism,Protestantism,,4,35,49,84,4,0.41835,0.452046,3026.105121
Mississippi_River,Mississippi River,,2,9,12,21,5,0.347917,0.366516,217.665213
Cold_War,Cold War,,1,81,37,118,4,0.395701,0.426559,3582.071624
Mahatma_Gandhi,Mahatma Gandhi,,0,18,21,39,5,0.370205,0.394601,934.122503
Niccol%C3%B2_Machiavelli,Niccolò Machiavelli,,0,14,26,40,5,0.379824,0.406137,330.707659
World_War_II,World War II,,1,200,29,229,5,0.387524,0.414856,11278.608127
Mumbai,Mumbai,,2,7,13,20,4,0.356145,0.374665,167.027632
Confucius,Confucius,,0,24,13,37,5,0.355254,0.37557,555.959832
Bhagavad_Gita,Bhagavad Gita,,4,10,11,21,5,0.33798,0.355919,147.103869
Cereal,Cereal,,5,26,29,55,4,0.398397,0.426308,1113.502361
Rabindranath_Tagore,Rabindranath Tagore,,0,8,12,20,5,0.353359,0.373307,153.30467
Communism,Communism,,6,30,40,70,4,0.402104,0.433434,1640.00197
Nelson_Mandela,Nelson Mandela,,0,6,20,26,5,0.364637,0.389235,169.265339
Friedrich_Nietzsche,Friedrich Nietzsche,,0,27,31,58,4,0.39242,0.420942,1105.279758
Birth_control,Birth control,,7,13,20,33,5,0.378667,0.402817,819.737215
Sikhism,Sikhism,,4,29,12,41,5,0.349139,0.366734,315.88852
Albert_Einstein,Albert Einstein,,0,65,32,97,5,0.390723,0.419886,5631.023554
Laozi,Laozi,,0,12,6,18,5,0.321475,0.335915,67.961618
Conservatism,Conservatism,,6,9,32,41,4,0.39649,0.425218,338.566894
Soviet_Union,Soviet Union,,1,104,30,134,5,0.393819,0.42215,5422.771229
Joseph_Stalin,Joseph Stalin,,0,25,17,42,5,0.352732,0.375151,354.452838
Vegetable,Vegetable,,5,8,21,29,5,0.369105,0.393008,545.337413
Justice,Justice,,6,14,20,34,4,0.366925,0.389671,367.324161
Environmentalism,Environmentalism,,6,20,20,40,5,0.376801,0.40114,597.833517
Vedas,Vedas,,4,34,11,45,5,0.342287,0.360027,633.750568
Anarchism,Anarchism,,6,19,28,47,4,0.393196,0.419852,1324.223644
Fruit,Fruit,,5,14,10,24,5,0.339481,0.357696,186.112619
South_Africa,South Africa,,2,51,26,77,5,0.388889,0.416063,2290.983846
Leo_Tolstoy,Leo Tolstoy,,0,11,9,20,5,0.332887,0.349547,214.325079
S%C3%A3o_Paulo,São Paulo,,2,8,48,56,4,0.419232,0.452968,730.687281
Truth,Truth,,4,22,37,59,4,0.398237,0.427901,898.953108
World_War_I,World War I,,1,114,33,147,4,0.396648,0.425637,5248.380324
Fascism,Fascism,,6,28,34,62,4,0.395543,0.424799,941.214664
United_Nations,United Nations,,6,130,37,167,4,0.394601,0.42614,5796.71391
Atheism,Atheism,,4,35,51,86,4,0.412277,0.446764,2941.636074
NATO,NATO,,6,30,18,48,5,0.374388,0.397921,463.824424
Charles_Darwin,Charles Darwin,,0,55,23,78,4,0.396174,0.422116,3242.373475
Ukraine,Ukraine,,2,41,37,78,5,0.395386,0.426174,2065.439376
Henry_Ford,Henry Ford,,0,7,6,13,5,0.320232,0.334423,156.791348
Discrimination,Discrimination,,6,8,20,28,4,0.37723,0.400905,199.221621
The_Beatles,The Beatles,,0,11,9,20,5,0.323462,0.340141,205.699419
Taiwan,Taiwan,,2,48,21,69,4,0.374529,0.398474,1243.702379
Li_Bai,Li Bai,,0,5,6,11,5,0.333557,0.349413,22.224577
Calligraphy,Calligraphy,,3,13,24,37,5,0.374106,0.399799,991.265819
Tang_dynasty,Tang dynasty,,1,47,27,74,5,0.381574,0.409071,2982.560906
Trade_union,Trade union,,6,17,24,41,4,0.38587,0.41105,1373.447488
Feminism,Feminism,,6,26,19,45,5,0.369242,0.392639,1157.700067
Anthropology,Anthropology,,6,61,49,110,4,0.438272,0.469819,6771.788664
Michael_Jackson,Michael Jackson,,0,4,9,13,5,0.347067,0.363883,176.251856
Tanzania,Tanzania,,2,19,19,38,5,0.378522,0.402146,542.104718
International_Red_Cross_and_Red_Crescent_Movement,International Red Cross and Red Crescent Movement,,6,4,54,58,4,0.420474,0.45607,360.233427
Government,Government,,6,33,14,47,5,0.35704,0.376995,671.866168
HIV/AIDS,HIV/AIDS,,7,17,20,37,5,0.373123,0.397619,881.588218
Scramble_for_Africa,Scramble for Africa,,1,16,27,43,5,0.390263,0.419115,304.170937
Iron_Age,Iron Age,,1,47,24,71,5,0.387373,0.413011,1823.24074
Rembrandt,Rembrandt,,0,6,10,16,5,0.356145,0.374866,251.204546
Oral_tradition,Oral tradition,,6,27,24,51,4,0.37623,0.400654,2051.599848
Talmud,Talmud,,4,14,9,23,5,0.351609,0.369836,202.213951
Australia,Australia,,2,85,41,126,4,0.415726,0.447435,5814.877836
God,God,,4,32,31,63,4,0.393975,0.422787,1216.856543
Civilization,Civilization,,1,47,61,108,4,0.449367,0.48273,4147.698394
Sigmund_Freud,Sigmund Freud,,0,36,18,54,5,0.368558,0.390627,1352.387038
Michelangelo,Michelangelo,,0,20,4,24,5,0.31747,0.329762,45.289061
Ethiopia,Ethiopia,,2,46,34,80,5,0.394915,0.424531,1928.284056
Happiness,Happiness,,6,8,9,17,5,0.349262,0.367069,149.839489
Meditation,Meditation,,4,13,26,39,5,0.379389,0.406003,892.381795
Asia,Asia,,2,73,66,139,5,0.440798,0.477482,5820.524406
Myth,Myth,,4,9,26,35,4,0.390723,0.41717,629.956308
Ancient_history,Ancient history,,1,26,82,108,4,0.456592,0.496227,4216.213063
Metaphysics,Metaphysics,,4,49,38,87,4,0.411594,0.441734,2719.227082
Anger,Anger,,6,6,26,32,4,0.38662,0.412978,331.010343
Desert,Desert,,2,20,46,66,5,0.405714,0.440174,2036.888828
Fish,Fish,,8,33,30,63,5,0.382308,0.41058,1727.641026
Adi_Shankara,Adi Shankara,,0,6,8,14,5,0.329466,0.345389,40.942924
Avicenna,Avicenna,,0,35,40,75,5,0.407711,0.43942,2464.991698
Gupta_Empire,Gupta Empire,,1,19,4,23,5,0.334906,0.349782,40.567277
Afterlife,Afterlife,,4,18,41,59,5,0.412619,0.444819,1517.442583
Religion,Religion,,4,61,61,122,4,0.436923,0.472753,5614.320326
Soul,Soul,,4,21,42,63,5,0.405218,0.437324,1549.011037
Epistemology,Epistemology,,4,35,28,63,5,0.373965,0.401861,830.89481
Johann_Sebastian_Bach,Johann Sebastian Bach,,0,15,5,20,5,0.284244,0.296948,154.065971
Prayer,Prayer,,4,11,27,38,4,0.380697,0.407445,591.085238
Spanish_language,Spanish language,,6,42,33,75,4,0.409053,0.437542,2541.820848
Johannes_Gutenberg,Johannes Gutenberg,,0,20,14,34,5,0.363836,0.384457,559.004805
Comet,Comet,,8,21,36,57,4,0.398397,0.428571,842.846738
Chinese_characters,Chinese characters,,6,18,20,38,4,0.359624,0.382042,551.055943
Vietnam,Vietnam,,2,56,73,129,4,0.445141,0.48382,8126.295842
Christopher_Columbus,Christopher Columbus,,0,43,24,67,5,0.4,0.426593,1447.874856
Age_of_Discovery,Age of Discovery,,1,42,43,85,5,0.408381,0.441549,2332.476867
Singapore,Singapore,,2,50,36,86,4,0.401454,0.43117,2519.331923
Tea,Tea,,5,12,8,20,5,0.346341,0.363246,121.079173
Zheng_He,Zheng He,,0,13,15,28,5,0.349139,0.3695,121.05146
Malaysia,Malaysia,,2,38,30,68,4,0.389193,0.416918,1285.796214
Philippines,Philippines,,2,66,25,91,4,0.378378,0.40451,2453.085754
Jakarta,Jakarta,,2,10,16,26,4,0.363039,0.385228,604.25543
Muhammad_ibn_Musa_al-Khwarizmi,Muhammad ibn Musa al-Khwarizmi,,0,5,16,21,5,0.364503,0.38672,333.646444
Pre-Columbian_era,Pre-Columbian era,,1,18,35,53,5,0.409728,0.439705,1001.890616
South_America,South America,,2,57,74,131,5,0.437885,0.478152,5456.675246
Influenza,Influenza,,7,23,7,30,5,0.322832,0.338464,448.248385
Globalization,Globalization,,6,43,52,95,4,0.422081,0.456489,4544.397192
Maya_civilization,Maya civilization,,1,34,25,59,5,0.381574,0.408015,1471.097532
Human_history,Human history,,1,18,177,195,4,0.516364,0.570171,8477.21032
Ferdinand_Magellan,Ferdinand Magellan,,0,18,5,23,5,0.322204,0.337072,52.355933
DNA,DNA,,8,79,37,116,5,0.386169,0.4167,4358.332111
Portuguese_language,Portuguese language,,6,32,37,69,5,0.393975,0.424665,2163.133302
Tropical_cyclone,Tropical cyclone,,8,19,17,36,5,0.36774,0.390292,1178.101409
History_of_North_America,History of North America,,1,1,16,17,5,0.364236,0.386419,2.328833
History_of_South_America,History of South America,,1,1,38,39,5,0.406544,0.437324,4.914227
European_colonization_of_the_Americas,European colonization of the Americas,,1,17,36,53,5,0.403737,0.434339,467.753358
Vasco_da_Gama,Vasco da Gama,,0,21,14,35,5,0.371034,0.392673,196.951645
Kenya,Kenya,,2,21,37,58,5,0.399197,0.430366,1660.850645
Moon,Moon,,8,50,43,93,5,0.421902,0.453756,4046.335471
Pacific_Ocean,Pacific Ocean,,2,54,27,81,5,0.371728,0.398256,2017.68978
James_Cook,James Cook,,0,15,9,24,5,0.350865,0.369702,225.389114
Roald_Amundsen,Roald Amundsen,,0,2,4,6,5,0.309754,0.323139,1.270281
Arctic_Ocean,Arctic Ocean,,2,14,17,31,5,0.370619,0.39331,281.290854
Southern_Ocean,Southern Ocean,,2,9,18,27,5,0.366519,0.390359,133.111256
Great_Barrier_Reef,Great Barrier Reef,,2,8,10,18,5,0.345379,0.363397,98.34571
Antarctica,Antarctica,,2,46,38,84,5,0.404723,0.4361,4153.187193
Arctic,Arctic,,2,18,13,31,5,0.369242,0.389705,488.214884
Ethics,Ethics,,4,42,30,72,4,0.398716,0.426392,1815.894852
Education,Education,,6,38,56,94,3,0.450998,0.482227,5699.053989
Poetry,Poetry,,3,20,40,60,4,0.416248,0.447099,1098.683407
Good_and_evil,Good and evil,,4,6,55,61,4,0.429188,0.464202,413.563309
Aesthetics,Aesthetics,,4,22,16,38,4,0.374529,0.39663,610.18338
South_Korea,South Korea,,2,41,49,90,4,0.416074,0.450369,3519.054052
Free_will,Free will,,4,17,22,39,4,0.377373,0.402414,433.388575
Language,Language,,6,37,43,80,4,0.422799,0.454309,4094.678907
Music,Music,,3,33,48,81,4,0.420296,0.453387,4485.594243
Western_philosophy,Western philosophy,,4,18,48,66,4,0.417823,0.451375,1067.250665
Set_(mathematics),Set (mathematics),,10,25,7,32,5,0.322623,0.337676,186.600012
Ideology,Ideology,,6,22,32,54,4,0.386921,0.414822,760.764655
Linguistics,Linguistics,,6,35,24,59,4,0.40588,0.431673,1713.933258
Deity,Deity,,4,27,31,58,5,0.396016,0.424698,1454.149603
Eastern_philosophy,Eastern philosophy,,4,3,42,45,5,0.396174,0.428638,125.617672
Geography,Geography,,2,19,24,43,4,0.40671,0.431925,993.096434
Mathematics,Mathematics,,10,83,67,150,5,0.415378,0.4556,16801.576058
Matter,Matter,,8,48,45,93,5,0.404229,0.437659,2630.185004
Intelligence,Intelligence,,6,16,22,38,4,0.38408,0.408451,597.425551
Arithmetic,Arithmetic,,10,21,20,41,5,0.365979,0.389403,1387.622342
Galileo_Galilei,Galileo Galilei,,0,43,36,79,5,0.393663,0.424111,2588.558445
Logic,Logic,,4,42,25,67,4,0.400806,0.426643,1604.521456
Mind,Mind,,6,24,61,85,4,0.433682,0.469651,2403.274529
Thought,Thought,,6,16,22,38,4,0.398078,0.423625,460.879714
Sense,Sense,,8,22,24,46,4,0.382602,0.408115,1852.532512
Time,Time,,8,25,44,69,4,0.402266,0.435278,2660.365793
History_of_science,History of science,,1,15,148,163,4,0.491349,0.544098,3824.091995
Belief,Belief,,4,17,29,46,4,0.391956,0.419852,672.310671
Philosophy_of_science,Philosophy of science,,4,15,56,71,4,0.430489,0.465459,998.710863
Kurt_G%C3%B6del,Kurt Gödel,,0,10,14,24,5,0.363171,0.383836,362.649031
Ontology,Ontology,,4,22,16,38,5,0.373684,0.397418,481.052348
Grammar,Grammar,,6,19,11,30,5,0.353485,0.370842,795.752788
Geometry,Geometry,,10,40,54,94,4,0.402919,0.438799,4922.214146
Number_theory,Number theory,,10,25,17,42,5,0.35462,0.376492,818.787816
Motion,Motion,,8,7,42,49,5,0.41365,0.445708,817.860243
Nature,Nature,,8,25,76,101,4,0.435011,0.47552,4555.870239
Knowledge,Knowledge,,4,26,22,48,4,0.380843,0.405265,1041.964246
Japanese_language,Japanese language,,6,20,27,47,4,0.381427,0.40778,1184.952592
Retail,Retail,,6,6,9,15,5,0.353359,0.371294,184.911532
Classical_mechanics,Classical mechanics,,8,29,28,57,5,0.381135,0.408317,802.119783
Property,Property,,6,13,31,44,4,0.399037,0.427314,872.672764
Mammal,Mammal,,8,60,43,103,4,0.408214,0.440225,6853.891825
Milky_Way,Milky Way,,8,37,24,61,5,0.374388,0.400268,1117.075543
Earth,Earth,,8,82,69,151,4,0.431986,0.471328,9634.343398
Zoology,Zoology,,8,15,50,65,4,0.419232,0.453303,1359.492521
Ecology,Ecology,,8,30,41,71,5,0.408717,0.439923,1990.927458
Trade,Trade,,6,28,34,62,5,0.398557,0.42785,1468.663226
Vacuum,Vacuum,,8,31,22,53,5,0.378378,0.403655,1511.008544
Extinction,Extinction,,8,30,32,62,5,0.401616,0.430701,1395.031571
Dream,Dream,,6,8,22,30,4,0.381427,0.405936,596.014444
Reptile,Reptile,,8,36,19,55,4,0.373263,0.395624,1055.31437
Physics,Physics,,8,90,71,161,4,0.440018,0.479041,11415.549045
History_of_medicine,History of medicine,,1,8,41,49,5,0.405714,0.437575,1038.467747
Genetics,Genetics,,8,59,19,78,4,0.356272,0.378186,1115.278798
Money,Money,,6,15,9,24,5,0.342522,0.360513,172.728734
Molecular_biology,Molecular biology,,8,20,12,32,5,0.335471,0.354527,323.621452
Animal,Animal,,8,43,34,77,4,0.393819,0.422619,3142.415266
Louis_Pasteur,Louis Pasteur,,0,24,15,39,5,0.365039,0.38719,890.429062
Plant,Plant,,8,37,50,87,5,0.402919,0.438867,3431.490749
Mineral,Mineral,,8,24,21,45,5,0.371311,0.396026,756.020771
Astronomy,Astronomy,,8,57,64,121,5,0.413994,0.453421,7615.25473
Early_modern_period,Early modern period,,1,34,83,117,4,0.462541,0.50109,6612.44172
Geology,Geology,,8,32,27,59,5,0.389651,0.416901,1671.036923
Botany,Botany,,8,21,45,66,5,0.409053,0.441935,1532.304754
State_of_matter,State of matter,,8,10,15,25,5,0.35462,0.376777,211.13767
Optics,Optics,,8,32,34,66,5,0.39649,0.426123,1866.643501
Psychology,Psychology,,6,61,32,93,4,0.394758,0.423877,3894.348912
Economics,Economics,,6,45,39,84,5,0.40939,0.440342,3662.826675
Sexism,Sexism,,6,11,27,38,4,0.38408,0.410882,935.687384
Evolution,Evolution,,8,70,55,125,4,0.414339,0.450369,6064.974492
Biology,Biology,,8,71,129,200,4,0.467765,0.52054,17909.127312
Silver,Silver,,8,31,49,80,5,0.424424,0.457864,2788.761852
Rumi,Rumi,,0,7,9,16,5,0.342287,0.359926,37.509603
Carl_Linnaeus,Carl Linnaeus,,0,32,21,53,5,0.391647,0.416533,1481.636773
Bird,Bird,,8,39,33,72,4,0.4,0.428739,3005.471051
Nicolaus_Copernicus,Nicolaus Copernicus,,0,21,29,50,5,0.401616,0.429946,694.126364
Abiogenesis,Abiogenesis,,8,19,40,59,5,0.387524,0.4195,693.312594
Monarchy,Monarchy,,6,20,34,54,5,0.400161,0.429276,928.519915
Species,Species,,8,50,26,76,5,0.373684,0.399966,1267.75757
Algeria,Algeria,,2,27,34,61,5,0.399839,0.429527,1124.011693
Sociology,Sociology,,6,45,33,78,4,0.394444,0.423038,2401.116024
Political_science,Political science,,6,20,20,40,4,0.401941,0.426308,646.015211
Racism,Racism,,6,22,57,79,4,0.438078,0.472334,2143.134304
Supply_and_demand,Supply and demand,,6,12,3,15,5,0.292956,0.304812,83.348034
Leonardo_da_Vinci,Leonardo da Vinci,,0,37,18,55,5,0.378955,0.401945,2209.220399
Video_game,Video game,,5,19,5,24,5,0.316258,0.328504,377.378314
History,History,,1,41,42,83,4,0.436539,0.465795,4578.557106
Pneumonia,Pneumonia,,7,24,19,43,5,0.356784,0.378588,1576.114205
Alan_Turing,Alan Turing,,0,11,13,24,5,0.359754,0.380265,390.303898
Calculus,Calculus,,10,26,32,58,5,0.374953,0.403957,1456.721898
Star,Star,,8,34,41,75,5,0.399678,0.43216,1606.478236
Brain,Brain,,8,25,27,52,5,0.391339,0.418377,1978.382971
Emotion,Emotion,,6,23,46,69,4,0.415378,0.448357,2387.991845
Computer_science,Computer science,,9,40,24,64,4,0.389498,0.415744,2285.590657
Consciousness,Consciousness,,6,25,26,51,5,0.377373,0.404376,1452.205301
Tree,Tree,,8,9,16,25,5,0.361323,0.383451,262.550294
Mathematical_analysis,Mathematical analysis,,10,21,31,52,5,0.37723,0.406506,1123.023845
Algebra,Algebra,,10,25,16,41,4,0.347917,0.367539,1016.048775
Artificial_intelligence,Artificial intelligence,,9,30,15,45,5,0.358845,0.378974,673.495405
Conic_section,Conic section,,10,13,12,25,5,0.335697,0.355986,174.654769
Scientific_Revolution,Scientific Revolution,,1,26,48,74,5,0.42515,0.458367,2940.618636
Newton%27s_laws_of_motion,Newton's laws of motion,,8,20,16,36,5,0.356272,0.378001,461.723806
Liver,Liver,,8,25,18,43,5,0.371728,0.394148,1356.719928
Asthma,Asthma,,7,15,12,27,5,0.355508,0.374061,449.588723
Tax,Tax,,6,10,44,54,4,0.421723,0.453303,971.162903
State_(polity),State (polity),,6,40,40,80,4,0.421544,0.45171,3431.220718
Hunting,Hunting,,6,15,42,57,4,0.414685,0.446177,1537.903073
Corporation,Corporation,,6,19,19,38,4,0.380115,0.404007,590.505691
Industrial_Revolution,Industrial Revolution,,1,96,38,134,5,0.409728,0.440594,8494.083984
Business,Business,,6,25,11,36,5,0.332108,0.348742,1053.497898
Philosophy,Philosophy,,4,70,75,145,4,0.456382,0.493545,8867.331721
Visual_arts,Visual arts,,3,11,32,43,4,0.384526,0.413146,1273.575817
Painting,Painting,,3,13,49,62,4,0.433682,0.465795,1231.194633
Human,Human,,8,55,155,210,4,0.518248,0.563799,24005.419698
Colonialism,Colonialism,,6,49,46,95,5,0.413134,0.446797,4085.543265
Art,Art,,3,39,39,78,4,0.411254,0.441901,3509.866672
Fashion,Fashion,,3,10,18,28,4,0.382455,0.405516,288.067597
Solar_System,Solar System,,8,62,36,98,5,0.391185,0.422015,1998.929473
Humour,Humour,,6,2,20,22,4,0.378955,0.402331,250.588023
Galaxy,Galaxy,,8,17,24,41,5,0.374388,0.400184,242.742255
Modernism,Modernism,,3,25,38,63,4,0.409222,0.439638,1806.05552
Abstract_art,Abstract art,,3,12,10,22,5,0.370757,0.390124,190.883231
Entertainment,Entertainment,,5,12,60,72,4,0.415205,0.453387,2229.843468
Sculpture,Sculpture,,3,16,63,79,4,0.433115,0.47007,2669.677745
Space,Space,,8,25,36,61,5,0.397759,0.42894,1405.28162
Gender,Gender,,5,20,38,58,4,0.416597,0.446764,1845.470592
Power_(social_and_political),Power (social and political),,6,14,13,27,4,0.363703,0.383551,192.80556
Social_science,Social science,,6,34,46,80,4,0.445141,0.474514,2759.104077
Miguel_de_Cervantes,Miguel de Cervantes,,0,7,9,16,5,0.326866,0.343997,126.947075
Fiction,Fiction,,3,14,12,26,4,0.344421,0.362508,701.318715
New_religious_movement,New religious movement,,4,11,28,39,4,0.403409,0.430835,401.762749
Bronze_Age,Bronze Age,,1,75,33,108,4,0.412619,0.441482,4468.693327
Medicine,Medicine,,7,47,41,88,5,0.415205,0.447217,6090.278066
Chinese_folk_religion,Chinese folk religion,,4,13,18,31,5,0.356784,0.379007,209.776362
Murasaki_Shikibu,Murasaki Shikibu,,0,4,6,10,5,0.309368,0.324463,37.816852
Novel,Novel,,3,12,33,45,4,0.384973,0.413146,955.56387
Bengali_language,Bengali language,,6,14,18,32,5,0.356656,0.378756,800.920311
Diabetes,Diabetes,,7,21,15,36,5,0.364503,0.385211,1036.751014
Wolfgang_Amadeus_Mozart,Wolfgang Amadeus Mozart,,0,16,7,23,5,0.309947,0.324531,296.107786
Realism_(arts),Realism (arts),,3,19,12,31,4,0.359494,0.378605,569.004098
Short_story,Short story,,3,6,13,19,5,0.348405,0.368159,199.373671
Himalayas,Himalayas,,2,26,15,41,5,0.349508,0.370624,604.55606
Stroke,Stroke,,7,24,12,36,5,0.344541,0.362827,557.32925
Human_body,Human body,,8,19,54,73,4,0.413994,0.449363,3049.496068
History_of_art,History of art,,1,6,105,111,4,0.461039,0.507461,2445.380033
Circulatory_system,Circulatory system,,8,23,26,49,5,0.375519,0.403236,917.335294
Paleontology,Paleontology,,8,19,42,61,5,0.411765,0.443863,1261.366652
Drawing,Drawing,,3,6,8,14,5,0.341581,0.358384,84.07265
Anatomy,Anatomy,,8,25,30,55,4,0.394758,0.422451,2038.227422
Civil_engineering,Civil engineering,,9,14,15,29,5,0.375094,0.397032,580.929349
Great_Pyramid_of_Giza,Great Pyramid of Giza,,3,9,5,14,5,0.328486,0.343461,53.377505
Pablo_Picasso,Pablo Picasso,,0,12,6,18,5,0.322623,0.338364,81.533953
Algorithm,Algorithm,,10,26,17,43,5,0.352983,0.373692,923.527086
Hokusai,Hokusai,,0,1,1,2,5,0.315957,0.329024,139.687304
Charlie_Chaplin,Charlie Chaplin,,0,5,7,12,5,0.322518,0.338917,38.692661
Frida_Kahlo,Frida Kahlo,,0,4,9,13,5,0.334567,0.351677,38.885363
Mexico,Mexico,,2,47,48,95,5,0.427527,0.460547,4188.932538
Aztecs,Aztecs,,1,13,19,32,5,0.382161,0.405634,486.276243
Louis_Armstrong,Louis Armstrong,,0,3,10,13,5,0.342287,0.3611,133.996942
Opera,Opera,,3,21,21,42,4,0.364637,0.388665,1411.015666
Ludwig_van_Beethoven,Ludwig van Beethoven,,0,13,8,21,5,0.320542,0.336989,321.243354
Walt_Disney,Walt Disney,,0,7,4,11,5,0.313565,0.326459,188.025925
Orchestra,Orchestra,,3,7,14,21,5,0.346704,0.364889,128.789532
Infection,Infection,,7,29,25,54,4,0.389346,0.415409,2258.698919
Classical_music,Classical music,,3,14,19,33,4,0.369379,0.391348,1089.232299
Jazz,Jazz,,3,25,8,33,5,0.328378,0.346328,450.527543
Nigeria,Nigeria,,2,28,34,62,4,0.413994,0.442991,1721.906046
Singing,Singing,,3,6,12,18,4,0.35037,0.366952,222.759812
Folk_music,Folk music,,3,20,29,49,4,0.399518,0.426895,1322.293513
Rock_music,Rock music,,3,12,4,16,5,0.311794,0.325469,56.603708
Pop_music,Pop music,,3,13,10,23,5,0.336152,0.353186,318.823502
Alcoholic_drink,Alcoholic drink,,5,6,13,19,5,0.376373,0.397451,588.775827
Popular_culture,Popular culture,,6,17,28,45,4,0.396965,0.423457,2443.491514
Museum,Museum,,3,4,30,34,4,0.40939,0.436787,177.142939
Surgery,Surgery,,7,18,18,36,5,0.378378,0.401559,822.174527
Exercise,Exercise,,7,10,15,25,4,0.349754,0.369467,655.152119
Earth_science,Earth science,,8,13,22,35,5,0.392575,0.418545,459.000341
Subatomic_particle,Subatomic particle,,8,24,18,42,5,0.340878,0.364152,223.410031
Trigonometry,Trigonometry,,10,18,28,46,5,0.391801,0.420255,953.959819
Light,Light,,8,41,32,73,5,0.367196,0.396311,2172.462189
Force,Force,,8,29,46,75,5,0.386319,0.420305,1790.927868
University,University,,6,18,28,46,4,0.406212,0.433769,871.066524
Planet,Planet,,8,45,45,90,5,0.40939,0.443192,2563.327725
Heat,Heat,,8,21,9,30,5,0.331776,0.348156,418.596716
Mountain,Mountain,,2,11,22,33,4,0.389957,0.41499,608.401179
Shen_Kuo,Shen Kuo,,0,11,41,52,4,0.426609,0.456992,1121.105966
Fortification,Fortification,,9,7,29,36,5,0.3976,0.425503,185.230108
Gunpowder,Gunpowder,,9,27,35,62,5,0.405218,0.435681,1981.242717
Fertilizer,Fertilizer,,9,27,14,41,5,0.347917,0.368478,474.14602
Steel,Steel,,8,38,22,60,5,0.377516,0.402733,2128.52155
Tornado,Tornado,,8,11,11,22,5,0.347917,0.366734,179.650141
Flood,Flood,,8,7,31,38,5,0.396806,0.425838,391.150841
Archaeology,Archaeology,,1,42,40,82,5,0.43255,0.461972,4131.878727
Compass,Compass,,9,17,7,24,5,0.343707,0.359507,339.203268
Petroleum,Petroleum,,9,50,39,89,5,0.411765,0.442723,3518.23174
Insect,Insect,,8,26,34,60,4,0.406046,0.435278,1662.899797
Orbit,Orbit,,8,21,26,47,5,0.360145,0.386217,598.990783
Finance,Finance,,6,10,17,27,5,0.374247,0.396781,851.316432
Printing,Printing,,9,20,12,32,5,0.368968,0.39004,476.857499
Asteroid,Asteroid,,8,28,30,58,5,0.378955,0.407093,1255.224462
Mechanical_engineering,Mechanical engineering,,9,11,36,47,4,0.421544,0.450537,1545.37862
Navigation,Navigation,,9,19,31,50,5,0.397759,0.426006,1389.196037
Metallurgy,Metallurgy,,9,24,32,56,5,0.413306,0.44227,1102.816305
Glass,Glass,,9,16,24,40,5,0.38572,0.41162,1280.146046
Big_Bang,Big Bang,,8,31,31,62,5,0.373263,0.401308,756.493238
Chemical_element,Chemical element,,8,56,56,112,5,0.421544,0.45778,4609.138177
Universe,Universe,,8,61,75,136,5,0.429559,0.471529,8277.331897
Physical_cosmology,Physical cosmology,,8,21,21,42,5,0.361323,0.385798,508.969661
Saturn,Saturn,,8,27,24,51,5,0.369929,0.395188,424.991627
Mars,Mars,,8,46,38,84,5,0.393819,0.425285,1619.276828
Canada,Canada,,2,54,33,87,4,0.398716,0.428236,3644.944929
Mass,Mass,,8,40,22,62,5,0.361981,0.387223,1053.002674
Nikola_Tesla,Nikola Tesla,,0,7,20,27,4,0.374953,0.39839,472.372338
Gravity,Gravity,,8,48,35,83,5,0.384824,0.415392,2486.942227
Natural_satellite,Natural satellite,,8,22,19,41,5,0.351983,0.375402,128.443362
Engineering,Engineering,,9,43,47,90,4,0.431611,0.463615,4355.98381
Polygon,Polygon,,10,5,5,10,5,0.341463,0.35939,73.94125
Speed_of_light,Speed of light,,8,38,32,70,5,0.38813,0.416901,1677.296476
James_Clerk_Maxwell,James Clerk Maxwell,,0,25,17,42,5,0.353108,0.375989,600.948131
Neptune,Neptune,,8,29,21,50,5,0.360406,0.385161,359.552993
Jupiter,Jupiter,,8,35,35,70,5,0.386169,0.416818,1092.767283
Telescope,Telescope,,9,23,8,31,5,0.347067,0.364554,430.032603
Microscope,Microscope,,9,15,13,28,5,0.370205,0.391968,651.886578
Venus,Venus,,8,38,36,74,5,0.393508,0.424363,1698.175017
Marie_Curie,Marie Curie,,0,7,12,19,4,0.357554,0.375922,227.633808
Michael_Faraday,Michael Faraday,,0,19,13,32,5,0.355762,0.375184,563.510704
Theory_of_relativity,Theory of relativity,,8,18,15,33,5,0.343351,0.365007,138.764588
Quantum_mechanics,Quantum mechanics,,8,67,35,102,5,0.373403,0.404829,3593.477405
Series_(mathematics),Series (mathematics),,10,13,19,32,5,0.339713,0.361821,184.150837
Variable_(mathematics),Variable (mathematics),,10,9,19,28,5,0.343232,0.365761,215.234532
Mathematical_proof,Mathematical proof,,10,9,22,31,5,0.364771,0.388783,1318.194927
Primate,Primate,,8,18,21,39,4,0.394915,0.419098,713.427857
Taxonomy_(biology),Taxonomy (biology),,8,22,22,44,5,0.387978,0.412844,629.859156
Continent,Continent,,2,20,31,51,5,0.394915,0.423608,1150.661571
Biodiversity,Biodiversity,,8,57,53,110,5,0.427895,0.462559,5696.555004
Oxygen,Oxygen,,8,93,53,146,4,0.406877,0.443075,7854.202417
Phosphorus,Phosphorus,,8,42,28,70,5,0.383488,0.411117,1537.699622
Hydrogen,Hydrogen,,8,88,41,129,5,0.378378,0.410731,4218.164988
Metabolism,Metabolism,,8,54,37,91,5,0.383932,0.414722,2264.921318
Chemistry,Chemistry,,8,60,62,122,5,0.429003,0.466415,8398.852601
Sulfur,Sulfur,,8,47,33,80,5,0.391031,0.42059,2028.509636
Redox,Redox,,8,30,14,44,5,0.36093,0.383283,492.601894
Acid%E2%80%93base_reaction,Acid–base reaction,,8,4,5,9,5,0.322413,0.336402,5.915996
Carbon_dioxide,Carbon dioxide,,8,96,37,133,5,0.39273,0.424027,5384.718899
Nitrogen,Nitrogen,,8,61,35,96,5,0.395386,0.425419,2714.853879
Silicon,Silicon,,8,33,40,73,5,0.394444,0.426425,2467.939883
Electromagnetism,Electromagnetism,,8,30,22,52,5,0.355762,0.380684,835.718835
Magnetism,Magnetism,,8,23,25,48,5,0.380115,0.406422,1146.729869
International_System_of_Units,International System of Units,,8,18,15,33,5,0.343707,0.365376,620.387012
Electric_motor,Electric motor,,9,19,8,27,5,0.331333,0.346881,338.030055
Carbon,Carbon,,8,58,71,129,5,0.44574,0.483937,8261.921678
Electricity,Electricity,,9,32,40,72,4,0.39057,0.4222,3567.237737
Heredity,Heredity,,8,22,15,37,5,0.360668,0.382109,389.56031
Natural_selection,Natural selection,,8,47,24,71,5,0.382308,0.407814,1835.575234
Andes,Andes,,2,34,26,60,5,0.382897,0.410161,1363.164722
Communication,Communication,,6,21,14,35,4,0.371173,0.39227,736.619707
Island,Island,,2,7,25,32,5,0.389957,0.416197,303.031662
Rodent,Rodent,,8,12,19,31,4,0.367061,0.390594,267.712128
Human_evolution,Human evolution,,8,17,26,43,4,0.382602,0.408283,958.129124
Brazil,Brazil,,2,52,36,88,4,0.401292,0.431506,3134.962807
Death,Death,,8,19,37,56,5,0.396806,0.427515,1731.421605
Eukaryote,Eukaryote,,8,32,21,53,5,0.373684,0.398122,566.840886
Learning,Learning,,6,10,17,27,4,0.379969,0.402582,1994.173386
Immune_system,Immune system,,8,35,27,62,5,0.361455,0.387307,1299.134934
Speech,Speech,,6,11,9,20,4,0.342404,0.357981,190.761012
Human_sexuality,Human sexuality,,5,8,25,33,5,0.38408,0.411083,403.738981
Seed,Seed,,8,19,18,37,5,0.353989,0.377197,555.928434
Dinosaur,Dinosaur,,8,16,41,57,4,0.431986,0.461603,1161.803617
Glacier,Glacier,,2,21,21,42,5,0.379245,0.403488,665.208689
Statistics,Statistics,,10,40,14,54,5,0.365979,0.388028,1507.483169
Florence_Nightingale,Florence Nightingale,,0,6,15,21,5,0.359234,0.379007,140.62853
Nursing,Nursing,,7,9,15,24,5,0.376658,0.398457,328.91482
Sanitation,Sanitation,,7,17,13,30,5,0.364103,0.384708,690.837142
Hygiene,Hygiene,,7,19,34,53,4,0.412619,0.441566,1373.852985
Medical_imaging,Medical imaging,,9,13,14,27,5,0.36774,0.389956,572.713733
Map,Map,,9,7,14,21,5,0.368831,0.390409,272.451219
Milk,Milk,,5,13,21,34,5,0.380697,0.404963,553.513727
Fishing,Fishing,,6,13,16,29,5,0.370619,0.392673,439.24393
Cattle,Cattle,,8,22,20,42,5,0.382897,0.407227,584.582126
Chicken,Chicken,,8,9,18,27,4,0.383192,0.40669,287.006996
Vaccine,Vaccine,,7,22,18,40,5,0.35589,0.37728,754.032618
Thermodynamics,Thermodynamics,,8,31,23,54,5,0.378667,0.404125,2444.956554
Linear_algebra,Linear algebra,,10,13,15,28,5,0.336721,0.357461,257.190231
Steam_engine,Steam engine,,9,17,8,25,5,0.339365,0.354728,245.557627
Electromagnetic_radiation,Electromagnetic radiation,,8,38,27,65,5,0.35704,0.384658,1094.407788
Wave,Wave,,8,20,17,37,5,0.346462,0.369534,398.006448
Dmitri_Mendeleev,Dmitri Mendeleev,,0,5,8,13,5,0.339133,0.354695,121.73025
Physical_chemistry,Physical chemistry,,8,4,10,14,5,0.339829,0.359708,72.86931
Periodic_table,Periodic table,,8,16,23,39,5,0.373965,0.39896,449.512045
Metal,Metal,,8,38,27,65,5,0.38813,0.41494,1832.356012
Internet,Internet,,9,45,19,64,4,0.383488,0.406439,2835.764421
Information_Age,Information Age,,1,7,38,45,4,0.415726,0.445758,266.142123
Semiconductor_device,Semiconductor device,,9,3,9,12,5,0.324095,0.341734,28.779972
Telecommunications,Telecommunications,,9,13,12,25,4,0.34466,0.362592,308.096505
Musical_instrument,Musical instrument,,3,12,24,36,5,0.393352,0.419886,1240.948794
Radar,Radar,,9,25,21,46,5,0.377516,0.402029,2220.756478
Electron,Electron,,8,54,36,90,5,0.363039,0.392874,2278.354272
Atom,Atom,,8,51,44,95,5,0.391956,0.425872,2462.001524
Molecule,Molecule,,8,47,20,67,5,0.358715,0.382361,1251.600502
Photon,Photon,,8,45,34,79,5,0.36571,0.395892,1822.797534
Momentum,Momentum,,8,23,17,40,5,0.347552,0.369282,347.77064
Laser,Laser,,9,23,18,41,5,0.368968,0.391918,980.565749
Black_hole,Black hole,,8,19,19,38,5,0.344183,0.366717,470.221071
Angle,Angle,,10,12,14,26,5,0.356145,0.377414,374.712957
Exponentiation,Exponentiation,,10,11,23,34,5,0.371589,0.398709,672.727904
Circle,Circle,,10,16,13,29,5,0.357425,0.377549,544.968115
Combinatorics,Combinatorics,,10,8,19,27,5,0.379245,0.40228,156.617678
Pi,Pi,,10,20,37,57,5,0.370343,0.401643,2109.85811
Volume,Volume,,10,14,11,25,5,0.323884,0.342438,299.332335
Real_number,Real number,,10,39,24,63,5,0.350494,0.376777,1458.121201
Triangle,Triangle,,10,11,13,24,5,0.354494,0.374983,305.407617
Copper,Copper,,8,54,29,83,5,0.391493,0.420087,2264.019366
History_of_mathematics,History of mathematics,,1,6,73,79,5,0.433115,0.47396,890.110486
Weather,Weather,,8,15,24,39,5,0.372424,0.39834,642.053487
Arabic_numerals,Arabic numerals,,6,9,3,12,5,0.317978,0.33112,173.016395
Supernova,Supernova,,8,18,24,42,5,0.376658,0.402482,283.428667
Energy,Energy,,8,52,46,98,5,0.392575,0.427096,4010.877143
Topology,Topology,,10,19,12,31,5,0.335245,0.353521,345.209839
Uranus,Uranus,,8,24,24,48,5,0.365576,0.390711,525.315177
E_(mathematical_constant),E (mathematical constant),,10,6,6,12,6,0.29716,0.312827,36.816742
Function_(mathematics),Function (mathematics),,10,26,17,43,5,0.349385,0.370926,873.451744
Limit_(mathematics),Limit (mathematics),,10,14,6,20,6,0.311014,0.326325,29.198733
Complex_number,Complex number,,10,24,19,43,5,0.334567,0.357294,719.906683
Integer,Integer,,10,25,9,34,5,0.322832,0.338682,822.677841
Prime_number,Prime number,,10,15,17,32,5,0.33821,0.3583,233.461184
Emmy_Noether,Emmy Noether,,0,3,17,20,5,0.353234,0.375738,172.074503
Abstract_algebra,Abstract algebra,,10,12,7,19,5,0.308696,0.324748,113.888248
Natural_number,Natural number,,10,19,19,38,5,0.356656,0.378421,762.960581
Mental_disorder,Mental disorder,,7,14,17,31,4,0.375519,0.397803,1779.512758
Chemical_reaction,Chemical reaction,,8,25,38,63,5,0.381574,0.412995,1242.340843
Hormone,Hormone,,8,26,18,44,5,0.348039,0.370037,715.685579
Soybean,Soybean,,5,12,29,41,5,0.391339,0.419634,670.662542
History_of_Asia,History of Asia,,1,0,62,62,4,0.420186,0.458375,0
History_of_East_Asia,History of East Asia,,1,0,40,40,5,0.40896,0.440235,0
Performing_arts,Performing arts,,3,9,23,32,4,0.38334,0.408451,436.567764
City,City,,2,5,104,109,4,0.47401,0.516683,1132.572228
Law,Law,,6,35,42,77,4,0.405714,0.437374,2066.790469
History_of_Oceania,History of Oceania,,1,1,25,26,5,0.379534,0.405751,2.8346
Stone_Age,Stone Age,,1,21,27,48,5,0.393352,0.420221,1500.262199
The_arts,The arts,,3,11,68,79,4,0.450998,0.48667,2139.681086
History_of_Europe,History of Europe,,1,5,90,95,4,0.44594,0.490023,837.495916
History_of_technology,History of technology,,1,4,75,79,4,0.452229,0.490359,283.732575
Prehistory,Prehistory,,1,27,38,65,5,0.4237,0.453588,1598.303716
Literature,Literature,,3,32,42,74,4,0.40588,0.437961,2101.39007
History_of_the_Middle_East,History of the Middle East,,1,3,67,70,4,0.442368,0.479376,155.992093
Military_history,Military history,,1,6,42,48,5,0.400968,0.4333,284.34368
Post-classical_history,Post-classical history,,1,5,72,77,5,0.436348,0.476341,355.38543
Late_modern_period,Late modern period,,1,3,83,86,4,0.465792,0.503521,600.139217
History_of_Africa,History of Africa,,1,3,77,80,5,0.435774,0.477733,190.304029
Memory,Memory,,6,16,7,23,5,0.333557,0.349128,338.879279
Poverty,Poverty,,6,24,28,52,4,0.403573,0.431087,1355.137633
Country,Country,,2,10,9,19,4,0.363969,0.382294,140.110122
Maize,Maize,,5,44,28,72,5,0.382749,0.410195,2243.267738
Oceania,Oceania,,2,37,63,100,5,0.433304,0.470473,3397.726955
Drinking_water,Drinking water,,5,11,12,23,5,0.365173,0.386586,226.503237
Particle_physics,Particle physics,,8,26,19,45,5,0.340995,0.363028,476.153626
Neolithic_Revolution,Neolithic Revolution,,1,31,49,80,5,0.424605,0.458283,2603.055595
Rice,Rice,,5,28,25,53,5,0.389957,0.416616,1176.800831
Mesoamerica,Mesoamerica,,1,39,40,79,4,0.426426,0.456405,3415.920636
Mobile_phone,Mobile phone,,9,10,13,23,5,0.359884,0.380936,518.490472
Inca_Empire,Inca Empire,,1,28,16,44,5,0.377373,0.400268,629.205607
Green_Revolution,Green Revolution,,1,11,12,23,5,0.354367,0.373642,306.001715
Computer,Computer,,9,26,18,44,4,0.361981,0.3833,1695.407388
Yangtze,Yangtze,,2,11,11,22,5,0.354241,0.373776,130.358575
Rocket,Rocket,,9,18,19,37,5,0.369105,0.393142,685.108283
Pollution,Pollution,,6,20,19,39,5,0.370205,0.394567,771.060648
Indus_Valley_Civilisation,Indus Valley Civilisation,,1,21,20,41,5,0.372006,0.395439,565.181681
Economy,Economy,,6,19,36,55,4,0.411254,0.440895,1073.854246
Climate_change,Climate change,,8,76,21,97,5,0.367061,0.390661,2776.000426
Plate_tectonics,Plate tectonics,,8,30,24,54,5,0.381427,0.407596,2152.654158
Sheep,Sheep,,8,18,31,49,5,0.402104,0.430952,705.062809
Manufacturing,Manufacturing,,6,21,23,44,4,0.386019,0.411888,1023.82514
Masonry,Masonry,,9,8,5,13,5,0.326437,0.341901,84.884712
Health,Health,,7,19,35,54,5,0.408885,0.439118,2024.277883
Technology,Technology,,9,41,67,108,4,0.44634,0.482646,6509.798264
Myanmar,Myanmar,,2,23,41,64,5,0.410914,0.443025,1060.368855
Writing,Writing,,6,25,20,45,4,0.378234,0.401073,1453.069577
Space_exploration,Space exploration,,9,14,38,52,5,0.413134,0.443612,1099.095159
Potato,Potato,,5,16,17,33,5,0.361849,0.383451,319.460555
Terrorism,Terrorism,,6,15,26,41,5,0.38662,0.413598,550.041006
Coal,Coal,,9,41,30,71,5,0.385122,0.413347,1511.25141
Satellite,Satellite,,9,17,21,38,5,0.372983,0.397502,1137.829276
Rail_transport,Rail transport,,9,14,20,34,5,0.373965,0.398005,382.703908
History_of_Earth,History of Earth,,8,9,98,107,5,0.471761,0.513447,2007.135769
Wheat,Wheat,,5,23,14,37,5,0.3461,0.366382,363.259519
Nutrition,Nutrition,,7,17,19,36,5,0.376943,0.400771,742.626721
War,War,,6,24,22,46,5,0.368831,0.392555,848.592378
North_America,North America,,2,64,52,116,5,0.423159,0.458032,4661.37962
Climate,Climate,,8,35,30,65,4,0.400645,0.428488,1821.296768
Nuclear_weapon,Nuclear weapon,,9,22,28,50,4,0.401941,0.429494,1437.765315
Sugar,Sugar,,5,26,15,41,5,0.361586,0.383166,682.280063
Wheel,Wheel,,9,17,33,50,5,0.406877,0.435983,1319.039147
Andean_civilizations,Andean civilizations,,1,4,20,24,5,0.381135,0.4055,74.062184
Society,Society,,6,34,19,53,4,0.381427,0.404594,958.096408
Domestication,Domestication,,9,37,31,68,5,0.387222,0.415023,1694.829807
Indigenous_peoples,Indigenous peoples,,6,18,40,58,5,0.405549,0.437156,1052.640217
Library,Library,,6,6,11,17,4,0.345739,0.361838,568.637788
Construction,Construction,,6,15,14,29,5,0.382014,0.403203,511.093165
Camera,Camera,,9,9,4,13,5,0.304348,0.31727,123.582999
Iron,Iron,,8,61,51,112,5,0.412277,0.447837,4550.78403
Tool,Tool,,9,17,10,27,5,0.37623,0.395993,485.752914
Africa,Africa,,2,82,63,145,4,0.428079,0.465795,9546.833104
Swahili_language,Swahili language,,6,10,10,20,5,0.332664,0.35166,148.802463
Bow_and_arrow,Bow and arrow,,9,8,13,21,4,0.371589,0.392354,242.694904
Firearm,Firearm,,9,13,10,23,5,0.351858,0.369618,139.451383
Decolonization,Decolonization,,1,19,42,61,5,0.404558,0.436402,700.585636
Textile,Textile,,9,18,11,29,5,0.359624,0.378387,430.805114
Pottery,Pottery,,3,28,15,43,5,0.378811,0.40161,499.178991
Lake_Victoria,Lake Victoria,,2,9,9,18,5,0.344183,0.361989,102.964488
Sahara,Sahara,,2,23,26,49,5,0.384973,0.411167,546.530104
Democratic_Republic_of_the_Congo,Democratic Republic of the Congo,,2,21,32,53,5,0.393508,0.422485,1319.681763
Hong_Kong,Hong Kong,,2,30,18,48,5,0.370343,0.393846,585.693278
Western_imperialism_in_Asia,Western imperialism in Asia,,1,3,66,69,4,0.427343,0.46613,139.794426
Thailand,Thailand,,2,49,29,78,4,0.394444,0.421445,2605.70562
Shinto,Shinto,,4,18,17,35,5,0.368285,0.390711,394.83901
Indo-European_languages,Indo-European languages,,6,32,20,52,5,0.371173,0.39549,998.942991
Human_migration,Human migration,,6,15,5,20,5,0.337063,0.350637,162.960048
History_of_agriculture,History of agriculture,,1,9,48,57,5,0.417121,0.451107,675.202772
Latin_script,Latin script,,6,18,15,33,5,0.361323,0.383618,379.116427
Saudi_Arabia,Saudi Arabia,,2,33,38,71,5,0.401778,0.433384,2262.822147
United_Arab_Emirates,United Arab Emirates,,2,15,35,50,4,0.403573,0.433518,980.589979
Early_human_migrations,Early human migrations,,1,2,17,19,5,0.367061,0.390325,20.886268
Cyrillic_script,Cyrillic script,,6,11,9,20,5,0.342759,0.35939,221.37627
Viking_Age,Viking Age,,1,4,13,17,4,0.362245,0.38221,38.255187
History_of_architecture,History of architecture,,1,2,77,79,4,0.447345,0.487089,241.994912
Amazon_rainforest,Amazon rainforest,,2,12,28,40,4,0.393508,0.421445,525.45015
Amazon_River,Amazon River,,2,19,19,38,5,0.373123,0.396026,509.786627
Radio,Radio,,9,20,4,24,5,0.303883,0.317589,184.656456
Area,Area,,10,12,17,29,5,0.346825,0.367606,331.119583
Organic_chemistry,Organic chemistry,,8,22,18,40,5,0.360014,0.382109,398.551298
Heart,Heart,,8,25,33,58,4,0.407377,0.436452,2032.389457
Proton,Proton,,8,40,19,59,5,0.348283,0.370825,616.57048
Television,Television,,9,24,13,37,4,0.372006,0.392019,2414.313739
Nervous_system,Nervous system,,8,26,13,39,4,0.356912,0.376509,508.508415
Biochemistry,Biochemistry,,8,31,37,68,5,0.388585,0.419584,1435.596675
Natural_gas,Natural gas,,9,51,26,77,5,0.391493,0.418125,2011.806654
Genetic_engineering,Genetic engineering,,9,23,9,32,5,0.334455,0.350369,139.979214
Prehistoric_art,Prehistoric art,,3,5,24,29,4,0.399678,0.425218,200.907031
Tourism,Tourism,,5,15,44,59,4,0.426976,0.458585,1365.533425
Concrete,Concrete,,9,18,11,29,5,0.369379,0.390074,681.462717
History_of_film,History of film,,1,2,26,28,4,0.376515,0.402498,170.011452
History_of_music,History of music,,1,2,40,42,4,0.411765,0.442572,101.281838
Lagos,Lagos,,2,4,15,19,4,0.377516,0.39839,127.494301
History_of_literature,History of literature,,1,2,62,64,4,0.433682,0.47007,221.032459
Animation,Animation,,3,7,6,13,5,0.301944,0.31499,115.882883
Photography,Photography,,3,14,16,30,4,0.368831,0.389923,755.656959
Alloy,Alloy,,8,17,23,40,5,0.380406,0.406003,454.599038
Video,Video,,9,9,4,13,5,0.288116,0.299514,90.10913
Coffee,Coffee,,5,19,21,40,5,0.382602,0.407646,710.453575
Pig,Pig,,8,12,10,22,5,0.343707,0.360983,100.603117
Aluminium,Aluminium,,8,33,28,61,5,0.382014,0.40944,1257.066565
Knife,Knife,,9,1,11,12,6,0.350617,0.369148,28.668481
Jewellery,Jewellery,,5,3,49,52,4,0.4237,0.456992,109.717372
Cooking,Cooking,,5,16,32,48,5,0.416074,0.444282,1144.79986
Marketing,Marketing,,6,12,7,19,4,0.342051,0.3584,434.05373
0,0,,10,2,27,29,5,0.38172,0.409188,222.482101
Gambling,Gambling,,5,12,9,21,4,0.352357,0.369551,443.593768
Probability,Probability,,10,18,15,33,5,0.373825,0.395993,782.398521
Logarithm,Logarithm,,10,9,28,37,5,0.356656,0.384289,529.923412
Number,Number,,10,15,30,45,5,0.374953,0.402985,1376.893129
Abortion,Abortion,,6,12,11,23,5,0.361323,0.379846,217.333195
Allergy,Allergy,,7,9,29,38,5,0.371173,0.39896,604.570925
Bacteria,Bacteria,,8,71,47,118,5,0.395072,0.429225,4021.312793
Dentistry,Dentistry,,7,5,22,27,5,0.384229,0.409188,167.885622
Cardiovascular_disease,Cardiovascular disease,,7,28,7,35,5,0.319923,0.335144,420.652196
Nuclear_power,Nuclear power,,9,20,23,43,5,0.391493,0.416985,1072.625855
Wind_power,Wind power,,9,11,15,26,5,0.374529,0.398206,283.221614
Hydropower,Hydropower,,9,18,19,37,5,0.378811,0.402482,634.725019
Electronics,Electronics,,9,23,9,32,5,0.33233,0.348793,663.919984
Fossil_fuel,Fossil fuel,,9,41,21,62,5,0.370481,0.394601,1492.374454
Spaceflight,Spaceflight,,9,9,35,44,4,0.400483,0.430416,744.022751
Gene,Gene,,8,50,24,74,5,0.367876,0.392757,978.217262
Bridge,Bridge,,9,6,13,19,5,0.362906,0.383333,232.674595
Refrigeration,Refrigeration,,9,5,15,20,4,0.363304,0.384306,184.208336
Paper,Paper,,9,15,10,25,5,0.358327,0.377414,241.816739
Salt,Salt,,5,19,42,61,5,0.404888,0.436821,1954.128951
Clothing,Clothing,,5,12,34,46,4,0.409728,0.438799,852.969487
Jet_engine,Jet engine,,9,11,6,17,5,0.331223,0.346881,109.675133
Dam,Dam,,9,13,43,56,5,0.415726,0.448055,949.742927
Biotechnology,Biotechnology,,9,24,29,53,5,0.406046,0.434339,1649.337181
Fire,Fire,,9,8,30,38,5,0.387676,0.415895,743.540146
Telephone,Telephone,,9,8,10,18,5,0.343232,0.359306,198.419128
Simple_machine,Simple machine,,9,5,10,15,5,0.358069,0.376626,73.24957
Internal_combustion_engine,Internal combustion engine,,9,20,30,50,5,0.39242,0.420641,1309.304362
Weapon,Weapon,,9,13,19,32,5,0.379824,0.403286,817.247222
Bread,Bread,,5,8,26,34,4,0.393352,0.42002,376.069057
Life,Life,,8,42,65,107,4,0.417647,0.456657,3163.317654
Rock_(geology),Rock (geology),,8,25,21,46,5,0.372983,0.398156,819.528306
Ritual,Ritual,,4,22,18,40,5,0.379824,0.403538,1665.194507
Reproduction,Reproduction,,8,21,19,40,5,0.372843,0.396328,569.727924
Digestion,Digestion,,8,17,10,27,5,0.34264,0.361653,177.823362
Protein,Protein,,8,81,23,104,5,0.376515,0.400939,2665.787534
Cheese,Cheese,,5,8,35,43,5,0.402429,0.432746,456.381949
Wood,Wood,,9,28,15,43,5,0.352732,0.372636,948.219017
Ship,Ship,,9,9,54,63,5,0.43924,0.472535,1217.595527
Disease,Disease,,7,29,26,55,5,0.380115,0.406254,3077.778978
Soil,Soil,,8,34,39,73,5,0.404229,0.436184,1997.245945
Dance,Dance,,3,9,15,24,4,0.371173,0.392354,221.499586
Board_game,Board game,,5,6,7,13,5,0.341698,0.357176,203.466179
Festival,Festival,,6,6,23,29,4,0.38662,0.411636,288.786979
Earthquake,Earthquake,,8,15,5,20,5,0.334342,0.348776,126.074912
Anesthesia,Anesthesia,,7,7,17,24,5,0.365173,0.387525,429.295259
Infrastructure,Infrastructure,,9,25,26,51,4,0.393819,0.420439,1678.518528
Rocky_Mountains,Rocky Mountains,,2,9,7,16,5,0.333445,0.350151,136.691417
Water,Water,,8,59,71,130,4,0.440994,0.479963,8891.150333
Ecosystem,Ecosystem,,8,56,21,77,5,0.372285,0.397703,1556.835511
Dog,Dog,,8,8,21,29,5,0.380843,0.406388,311.41818
River,River,,2,20,24,44,5,0.380406,0.406724,1117.289665
Natural_rubber,Natural rubber,,9,8,12,20,5,0.364503,0.383753,152.770767
Volcano,Volcano,,8,36,23,59,5,0.383488,0.409323,1290.61612
Pregnancy,Pregnancy,,8,20,17,37,5,0.365845,0.387056,1044.671943
Mercury_(planet),Mercury (planet),,8,24,28,52,5,0.375661,0.403018,393.603686
Ethnic_group,Ethnic group,,5,14,31,45,4,0.406212,0.434021,936.737073
Lung,Lung,,8,20,28,48,4,0.384526,0.41105,997.248158
Horse,Horse,,8,15,16,31,4,0.365845,0.38724,427.566203
Hospital,Hospital,,7,6,19,25,4,0.368694,0.391013,397.100314
Antibiotic,Antibiotic,,7,24,27,51,5,0.378091,0.404376,1639.436553
RNA,RNA,,8,27,11,38,5,0.340995,0.359977,154.552503
Association_football,Association football,,5,48,7,55,5,0.328269,0.344333,352.971029
Food_preservation,Food preservation,,9,8,20,28,5,0.372843,0.397032,317.717136
Spice,Spice,,5,13,19,32,5,0.377086,0.400973,454.026831
Diplomacy,Diplomacy,,6,8,25,33,4,0.38662,0.412643,261.47293
Tokyo,Tokyo,,2,9,12,21,4,0.343351,0.361838,103.903164
Hindustani_language,Hindustani language,,6,8,11,19,5,0.351983,0.370624,181.968663
Blood,Blood,,8,18,28,46,5,0.384526,0.411502,740.383773
Book,Book,,9,6,33,39,5,0.395386,0.424497,1070.616616
Management,Management,,6,11,22,33,4,0.383044,0.407361,441.248427
Equation,Equation,,10,8,32,40,5,0.381574,0.411201,284.435886
Integrated_circuit,Integrated circuit,,9,19,11,30,5,0.335245,0.353638,400.73682
Constitution,Constitution,,6,13,30,43,5,0.3976,0.426174,671.519569
Mail,Mail,,9,3,24,27,5,0.369105,0.394769,237.773658
Employment,Employment,,6,12,17,29,5,0.373403,0.396663,298.021955
Olympic_Games,Olympic Games,,5,24,29,53,5,0.394601,0.421898,594.329071
Disability,Disability,,6,13,12,25,5,0.363437,0.382998,512.842947
Cryptography,Cryptography,,9,9,25,34,4,0.391801,0.417505,1654.426061
Peace,Peace,,6,3,32,35,4,0.390723,0.419266,752.992169
Organism,Organism,,8,50,34,84,5,0.384526,0.414269,1748.819886
Erosion,Erosion,,8,30,14,44,5,0.350741,0.371797,804.503689
Structure_of_Earth,Structure of Earth,,8,1,11,12,5,0.357297,0.37666,9.307957
Atmosphere_of_Earth,Atmosphere of Earth,,8,16,20,36,5,0.356017,0.381019,583.024635
Land,Land,,2,3,31,34,5,0.384377,0.412877,61.049051
Rain,Rain,,8,18,25,43,5,0.373544,0.400386,771.654584
Traditional_African_religions,Traditional African religions,,4,5,9,14,5,0.355762,0.374698,38.462893
Temperature,Temperature,,8,48,25,73,5,0.387676,0.414554,2654.25849
Amphibian,Amphibian,,8,32,16,48,5,0.350741,0.371764,811.765093
Catalysis,Catalysis,,8,22,11,33,5,0.353108,0.371663,202.658993
Snow,Snow,,8,10,31,41,4,0.397282,0.425805,696.625755
Fungus,Fungus,,8,26,39,65,5,0.386019,0.417572,1238.478976
Virus,Virus,,8,38,29,67,5,0.364503,0.390946,1672.447224
Year,Year,,8,10,23,33,5,0.382602,0.409105,473.361704
Renewable_energy,Renewable energy,,9,22,33,55,5,0.398397,0.428555,1889.863057
Forest,Forest,,2,11,12,23,5,0.343588,0.362156,189.768611
Crustacean,Crustacean,,8,22,5,27,5,0.320852,0.334071,124.453332
Grassland,Grassland,,2,13,22,35,4,0.39011,0.415828,526.95211
Road,Road,,9,10,11,21,5,0.345259,0.362944,173.726668
Aircraft,Aircraft,,9,17,9,26,5,0.333669,0.35166,339.513214
Malay_language,Malay language,,6,10,18,28,5,0.359364,0.381992,298.309008
Food,Food,,5,21,66,87,5,0.440018,0.477649,3159.105793
Solar_energy,Solar energy,,9,12,19,31,5,0.376943,0.400302,240.484814
Photosynthesis,Photosynthesis,,8,48,27,75,5,0.382897,0.41053,1547.677784
Arthropod,Arthropod,,8,31,27,58,5,0.379245,0.406254,1466.293585
Explosive,Explosive,,9,7,24,31,5,0.380406,0.406472,233.398074
Lake,Lake,,2,12,23,35,5,0.370343,0.396194,648.493741
Algae,Algae,,8,32,14,46,5,0.35589,0.376576,659.071759
Cloud,Cloud,,8,8,23,31,5,0.37766,0.403655,170.634465
Sport,Sport,,5,10,16,26,4,0.36437,0.38548,753.306693
Meat,Meat,,5,7,56,63,5,0.429745,0.465325,922.856548
Skeleton,Skeleton,,8,11,9,20,5,0.320129,0.337425,98.612456
Outer_space,Outer space,,8,29,50,79,5,0.410914,0.446076,2254.829185
Mollusca,Mollusca,,8,11,22,33,5,0.366384,0.39108,240.161147
Color,Color,,8,7,17,24,4,0.372843,0.394702,215.879867
Plastic,Plastic,,9,12,17,29,5,0.37766,0.400637,344.84892
Brahmic_scripts,Brahmic scripts,,6,4,6,10,5,0.325795,0.340996,46.248945
Wind,Wind,,8,17,37,54,5,0.390263,0.421479,1004.437795
Obesity,Obesity,,7,28,20,48,5,0.374953,0.399262,1798.129261
Political_party,Political party,,6,4,27,31,5,0.393663,0.421395,84.584927
Arabic_alphabet,Arabic alphabet,,6,5,5,10,5,0.313763,0.329393,48.516997
Robotics,Robotics,,9,11,26,37,4,0.401454,0.427985,1354.225106
Martial_arts,Martial arts,,5,8,17,25,4,0.375519,0.397384,396.06787
Drink,Drink,,5,2,44,46,4,0.438272,0.468226,202.433345
Broadcasting,Broadcasting,,6,8,8,16,4,0.32903,0.34222,423.662361
Swimming,Swimming,,5,2,5,7,5,0.337178,0.352968,32.566882
Injury,Injury,,7,8,10,18,5,0.35,0.368578,579.453653
Cancer,Cancer,,7,46,29,75,5,0.373544,0.400805,3064.474133
Bicycle,Bicycle,,9,7,5,12,4,0.338556,0.352867,443.381728
Car,Car,,9,7,18,25,5,0.368421,0.391918,206.326743
Space_station,Space station,,9,6,7,13,5,0.337751,0.355148,44.779116
Electric_battery,Electric battery,,9,4,8,12,5,0.33798,0.354561,95.719608
Love,Love,,6,6,36,42,4,0.407879,0.43771,298.827088
Season,Season,,8,9,19,28,5,0.3791,0.402901,450.22038
Sport_of_athletics,Sport of athletics,,5,2,16,18,5,0.372006,0.395154,100.25975
Design,Design,,3,11,5,16,5,0.34264,0.35659,93.353606
News,News,,6,4,39,43,4,0.404558,0.435278,355.563774
Cat,Cat,,8,8,21,29,4,0.379824,0.404678,192.82702
Bank,Bank,,6,4,8,12,4,0.35037,0.367455,38.287921
Police,Police,,6,6,45,51,4,0.416946,0.449279,274.827112
Publishing,Publishing,,6,4,5,9,5,0.316964,0.330751,29.375791
Game,Game,,5,7,8,15,4,0.339365,0.353789,240.239672
School,School,,6,10,18,28,4,0.382602,0.405684,313.732175
Furniture,Furniture,,5,7,22,29,5,0.38677,0.41229,261.602968
Comics,Comics,,3,4,2,6,5,0.279685,0.289269,1000.57508
Human_behavior,Human behavior,,6,8,23,31,4,0.394758,0.419852,522.395711
Insurance,Insurance,,6,8,23,31,4,0.394288,0.419852,556.900265
Crime,Crime,,6,13,38,51,4,0.409222,0.439554,730.057057
Privacy,Privacy,,6,3,8,11,5,0.349754,0.367019,76.885327
Toy,Toy,,5,1,23,24,5,0.38677,0.412005,38.732917
Community,Community,,6,12,11,23,4,0.379534,0.399899,348.156803
Electric_light,Electric light,,9,3,6,9,5,0.312284,0.32827,76.018535
Home,Home,,5,3,16,19,4,0.391031,0.413816,419.094081
Fairy_tale,Fairy tale,,3,4,13,17,5,0.35794,0.377129,112.980458
Infinity,Infinity,,10,16,18,34,5,0.351113,0.373474,762.12578
Sound,Sound,,8,20,11,31,5,0.353611,0.372435,889.326248
Piano,Piano,,3,6,11,17,5,0.332219,0.349162,71.662999
Ear,Ear,,8,6,11,17,5,0.366654,0.385513,181.461387
Three-dimensional_space,Three-dimensional space,,10,10,11,21,5,0.338787,0.359054,211.176065
Alphabet,Alphabet,,6,4,12,16,5,0.341698,0.358434,72.412002
Family,Family,,5,15,26,41,5,0.391339,0.417706,714.158375
Play_(activity),Play (activity),,5,6,24,30,4,0.382897,0.408367,1458.705843
Measurement,Measurement,,8,15,13,28,5,0.370205,0.390879,621.086033
Friendship,Friendship,,5,5,17,22,4,0.368558,0.390426,546.966676
Medication,Medication,,7,12,14,26,5,0.352357,0.372368,752.14687
Sexual_intercourse,Sexual intercourse,,5,10,25,35,5,0.381574,0.408065,561.917313
Flower,Flower,,8,8,29,37,5,0.393508,0.421596,385.270311
Woman,Woman,,5,3,33,36,5,0.424424,0.452834,243.416358
Infant,Infant,,5,9,9,18,5,0.350989,0.369567,179.776673
Bone,Bone,,8,18,19,37,5,0.364103,0.385681,1054.254355
Parenting,Parenting,,5,3,11,14,4,0.34731,0.36452,62.655838
Child,Child,,5,8,24,32,4,0.397123,0.422619,439.192645
Adult,Adult,,5,7,15,22,5,0.368558,0.390912,250.745283
Old_age,Old age,,5,9,5,14,5,0.341581,0.35612,150.835621
Adolescence,Adolescence,,5,12,10,22,5,0.335245,0.351928,184.960184
Ageing,Ageing,,7,6,21,27,4,0.375236,0.398474,311.340386
Sexual_orientation,Sexual orientation,,5,5,16,21,4,0.379679,0.402498,176.565097
Violence,Violence,,6,5,24,29,4,0.387676,0.413481,295.829673
Sexually_transmitted_infection,Sexually transmitted infection,,7,6,7,13,5,0.345139,0.361351,75.451667
Fear,Fear,,6,6,14,20,4,0.376515,0.398223,283.828791
Sex,Sex,,8,11,13,24,5,0.339597,0.360312,223.998757
Man,Man,,5,2,10,12,4,0.369379,0.388078,318.002608
Personality,Personality,,6,4,4,8,5,0.325262,0.33952,22.515768
Cell_(biology),Cell (biology),,8,44,17,61,5,0.33821,0.359759,442.782079
Skeletal_muscle,Skeletal muscle,,8,9,17,26,5,0.35589,0.379058,282.504972
Chemical_compound,Chemical compound,,8,23,12,35,5,0.341816,0.361972,245.42422
Gastroenteritis,Gastroenteritis,,7,6,7,13,5,0.322832,0.338011,87.326886
Alcoholism,Alcoholism,,7,7,17,24,4,0.364771,0.38724,581.327658
Smoking,Smoking,,7,9,18,27,5,0.366114,0.388934,531.200471
Addiction,Addiction,,7,3,11,14,5,0.350989,0.369081,86.734274
Social_equality,Social equality,,6,6,4,10,5,0.329466,0.343243,18.819939
Lens,Lens,,9,5,14,19,5,0.3564,0.376828,281.463546
Engine,Engine,,9,2,29,31,5,0.389041,0.41779,115.44612
Armour,Armour,,9,3,16,19,4,0.37145,0.392606,73.071192
Sleep,Sleep,,8,10,20,30,5,0.374388,0.398172,663.268777
Archaea,Archaea,,8,26,28,54,5,0.368421,0.395607,488.624009
Stove,Stove,,9,1,6,7,5,0.34466,0.359977,16.141765
Word,Word,,6,3,13,16,4,0.347674,0.365526,39.67418
Personal_name,Personal name,,6,0,18,18,4,0.375472,0.39933,0
Common_cold,Common cold,,7,6,6,12,6,0.29417,0.307931,16.121757
Skin,Skin,,8,11,18,29,4,0.373123,0.395456,631.192175
Eye,Eye,,8,5,13,18,5,0.348039,0.367019,129.043907
Chemical_bond,Chemical bond,,8,25,13,38,5,0.343707,0.363783,205.84732
Drug,Drug,,7,6,12,18,5,0.347917,0.367606,358.134429
Standard_Model,Standard Model,,8,17,15,32,5,0.318284,0.33942,123.306026
Day,Day,,8,7,14,21,5,0.370619,0.393008,153.612797
Radioactive_decay,Radioactive decay,,8,32,24,56,5,0.368694,0.394232,1266.653766
Strong_interaction,Strong interaction,,8,14,11,25,6,0.327945,0.346512,85.856777
Neutron,Neutron,,8,27,23,50,5,0.361849,0.385966,540.643715
Weak_interaction,Weak interaction,,8,11,10,21,6,0.29823,0.316147,10.388016
Nth_root,Nth root,,10,10,8,18,6,0.310819,0.327247,42.315846
Line_(geometry),Line (geometry),,10,10,8,18,5,0.299398,0.315744,35.835372
Inorganic_chemistry,Inorganic chemistry,,8,4,18,22,5,0.367196,0.390694,38.458206
Fraction,Fraction,,10,1,10,11,5,0.349262,0.367404,17.913987
